{"coco/AP": 0.6679112057941411, "coco/AP .5": 1.0, "coco/AP .75": 0.8775877587758776, "coco/AP (M)": -1.0, "coco/AP (L)": 0.6679112057941411, "coco/AR": 0.6952380952380952, "coco/AR .5": 1.0, "coco/AR .75": 0.9047619047619048, "coco/AR (M)": -1.0, "coco/AR (L)": 0.6952380952380952, "PCK": 0.9591836734693877, "AUC": 0.08378684807256237, "NME": 0.04918689684532667, "data_time": 0.5684340650385077, "time": 0.6642547737468373}